,CAGR,Volatility,Sharpe,Sortino,MaxDrawdown,CVaR_5%,DiversificationRatio,Skewness,Kurtosis,DiversificationRatioMean,DiversificationRatioMedian
hybrid_base,0.07569,0.08534,0.89858,1.30571,-0.23159,-0.03071,1.58088,-1.42593,9.00556,1.58088,1.55104
hybrid_loose_base,0.07744,0.08008,0.97221,1.45534,-0.2174,-0.02856,1.63966,-0.94957,9.0996,1.63966,1.59627
hybrid_unconstrained_base,0.07665,0.07303,1.04855,1.52397,-0.21288,-0.02629,1.75803,-0.98439,15.01881,1.75803,1.66645
hybrid_ruonia_capped_base,0.06902,0.09828,0.72943,1.02172,-0.27509,-0.03559,1.57126,-2.03363,13.22766,1.57126,1.53828
hybrid_crypto,0.10329,0.11568,0.90894,1.36739,-0.35027,-0.03914,1.66149,-1.2891,7.34453,1.66149,1.69154
hybrid_loose_crypto,0.08178,0.11011,0.77001,1.13564,-0.36301,-0.03788,1.70278,-1.31239,8.94453,1.70278,1.69986
hybrid_unconstrained_crypto,0.0674,0.10857,0.65594,0.9541,-0.37144,-0.03748,1.76164,-1.30974,9.86308,1.76164,1.70324
hybrid_ruonia_capped_crypto,0.1109,0.1227,0.91995,1.39377,-0.35027,-0.04108,1.65829,-1.26668,6.71564,1.65829,1.68161
